product_id,product_name,category,sub_category,brand,mrp,cost_price,launch_date,is_fk_assured,weight_kg,size_category
1,Bad Item,Electronics,Books,BrandD,2946.76,300.53,2025-05-08,1,1.98,Small
2,Quality Item,Apparel,Apparel,BrandA,981.76,1783.76,2023-07-21,0,1.06,Small
3,Hold Pro,Home,Apparel,BrandB,4955.54,627.68,2023-03-02,1,0.33,Medium
4,Edge Set,Books,Books,BrandB,2510.42,3915.23,2025-05-05,0,0.32,Small
5,Town Set,Beauty,Books,BrandA,899.67,2148.4,2025-12-15,1,0.11,Medium
6,Prove Set,Electronics,Apparel,BrandC,3836.08,1976.31,2024-01-12,0,2.6,Medium
7,Power Set,Home,Home,BrandE,2641.03,2614.43,2023-09-25,0,4.52,Large
8,Painting Pro,Electronics,Electronics,BrandD,3363.74,1756.66,2024-08-24,0,2.87,Small
9,Most Pro,Books,Home,BrandE,109.25,1127.74,2025-02-08,0,4.24,Medium
10,And Pro,Beauty,Books,BrandC,2749.41,2974.38,2024-09-02,0,1.32,Medium
11,Beat Item,Books,Home,BrandC,1935.92,2379.97,2025-03-02,1,2.54,Medium
12,Determine Pro,Apparel,Apparel,BrandC,4620.23,3994.32,2025-08-23,1,1.65,Medium
13,Soldier Item,Books,Beauty,BrandC,738.89,1272.8,2025-11-13,0,1.11,Small
14,Sometimes Set,Home,Apparel,BrandB,4443.57,2855.04,2023-03-16,1,3.86,Small
15,Executive Pro,Home,Electronics,BrandB,2118.66,2576.34,2024-12-17,1,4.78,Large
16,Reality Set,Books,Apparel,BrandC,3755.19,1886.82,2025-04-03,1,4.1,Large
17,Option Item,Beauty,Home,BrandD,4525.16,2583.09,2025-11-21,0,1.98,Large
18,Attack Item,Home,Electronics,BrandD,3808.84,2349.13,2024-02-20,1,2.13,Large
19,Campaign Pro,Home,Books,BrandE,521.26,2870.01,2023-03-01,1,2.51,Medium
20,Option Set,Home,Electronics,BrandC,1161.81,1567.9,2025-08-17,0,4.42,Large
21,Republican Pro,Books,Apparel,BrandD,482.79,80.82,2025-07-18,1,1.14,Small
22,Gun Item,Home,Home,BrandB,3447.59,3674.93,2024-07-12,0,4.87,Large
23,Mother Set,Books,Beauty,BrandD,4508.34,1237.76,2024-02-08,1,0.71,Small
24,Machine Set,Apparel,Books,BrandD,1780.95,1565.8,2025-01-17,1,1.79,Medium
25,Around Pro,Electronics,Apparel,BrandE,2114.71,472.74,2024-08-27,0,1.59,Medium
26,May Pro,Apparel,Apparel,BrandA,829.79,3244.48,2024-03-16,1,1.8,Medium
27,Off Pro,Books,Books,BrandE,3806.91,794.9,2025-02-11,1,4.07,Small
28,Center Set,Books,Beauty,BrandC,2859.7,217.97,2023-06-02,1,4.55,Large
29,Social Pro,Books,Electronics,BrandD,2064.16,948.49,2024-07-11,1,1.05,Large
30,Attorney Pro,Books,Beauty,BrandA,2583.41,1314.1,2024-07-30,1,1.39,Large
31,Board Item,Apparel,Electronics,BrandC,4725.44,273.76,2025-08-17,0,3.35,Small
32,Investment Item,Apparel,Home,BrandC,2961.62,2142.55,2023-07-03,0,1.39,Medium
33,Item Set,Apparel,Books,BrandE,1415.94,229.61,2023-01-26,1,4.67,Small
34,Beat Set,Apparel,Electronics,BrandA,2652.18,2145.28,2024-09-11,1,2.69,Large
35,Ground Set,Home,Books,BrandB,3612.22,821.49,2024-11-27,0,0.84,Medium
36,Apply Item,Home,Home,BrandA,4387.48,895.65,2024-05-25,0,1.52,Large
37,Government Set,Home,Books,BrandB,2554.8,1992.45,2025-02-03,0,4.93,Medium
38,Some Pro,Books,Home,BrandA,3848.77,2286.2,2023-04-25,1,1.67,Medium
39,Manage Pro,Books,Beauty,BrandC,1329.26,904.84,2023-10-27,0,1.36,Medium
40,History Item,Books,Home,BrandB,4759.12,2275.16,2023-10-03,0,3.19,Small
41,Simply Item,Electronics,Apparel,BrandA,760.21,3609.08,2025-02-12,1,0.48,Small
42,Guy Item,Electronics,Apparel,BrandB,4979.71,1027.91,2024-08-03,1,4.41,Medium
43,Guess Pro,Home,Books,BrandB,1067.89,2462.86,2024-12-29,1,3.68,Medium
44,American Set,Apparel,Beauty,BrandA,3218.54,332.81,2024-09-01,0,4.38,Large
45,Before Pro,Beauty,Beauty,BrandB,4486.44,1287.72,2023-10-18,1,0.41,Small
46,Smile Item,Apparel,Books,BrandA,3336.35,3872.45,2024-01-05,0,2.84,Large
47,Team Set,Home,Home,BrandE,1077.47,3508.66,2025-05-15,0,1.22,Small
48,Save Pro,Electronics,Beauty,BrandC,2935.63,1252.36,2024-05-18,1,3.18,Small
49,Result Item,Beauty,Apparel,BrandD,285.73,3272.42,2023-06-14,1,3.35,Large
50,Foot Item,Books,Beauty,BrandA,3730.66,129.82,2025-06-23,1,3.82,Large
51,Response Pro,Books,Books,BrandB,2167.83,2671.02,2024-03-02,0,4.27,Small
52,Physical Item,Electronics,Beauty,BrandD,3082.25,3813.76,2025-10-28,0,1.64,Small
53,Performance Set,Apparel,Apparel,BrandE,2237.45,2598.02,2023-11-01,1,4.49,Medium
54,Leave Set,Beauty,Beauty,BrandC,1038.44,1850.06,2024-09-02,0,3.83,Medium
55,Bad Item,Apparel,Beauty,BrandA,2211.12,1497.03,2025-12-12,1,0.49,Small
56,Herself Pro,Apparel,Apparel,BrandB,2129.97,3221.53,2024-03-13,0,3.11,Medium
57,Heavy Item,Beauty,Beauty,BrandA,3223.74,2257.19,2025-06-17,1,1.41,Large
58,Easy Item,Apparel,Electronics,BrandE,1270.07,2738.02,2023-01-15,1,4.56,Small
59,Sure Set,Beauty,Beauty,BrandC,4811.61,1708.75,2023-09-11,0,1.2,Small
60,My Set,Beauty,Books,BrandE,3945.87,1658.06,2023-02-06,1,4.64,Small
61,Teach Item,Beauty,Apparel,BrandD,2725.21,3482.02,2023-09-05,0,4.61,Large
62,Condition Set,Books,Books,BrandB,4263.27,2927.52,2025-02-27,1,1.02,Medium
63,Sort Pro,Electronics,Home,BrandC,4756.79,861.85,2023-01-25,0,3.1,Medium
64,Including Set,Beauty,Apparel,BrandD,2969.72,824.36,2025-11-11,0,0.95,Medium
65,Enjoy Pro,Books,Beauty,BrandB,3040.29,3311.14,2025-07-24,1,0.25,Large
66,Address Item,Beauty,Apparel,BrandB,3993.88,2404.64,2025-10-03,1,1.11,Large
67,Rock Item,Books,Electronics,BrandC,2960.78,3845.63,2025-02-04,0,4.3,Medium
68,Beat Pro,Home,Home,BrandE,4976.06,1298.88,2025-03-01,0,1.75,Large
69,Station Pro,Electronics,Books,BrandA,4274.01,1914.65,2024-08-18,0,4.25,Large
70,Cause Item,Home,Beauty,BrandC,2647.15,3914.31,2024-06-10,1,3.8,Small
71,Statement Set,Books,Beauty,BrandA,403.55,3564.92,2025-10-20,1,0.67,Medium
72,World Item,Electronics,Home,BrandB,2580.4,3456.13,2023-03-02,1,3.32,Large
73,Tend Set,Electronics,Electronics,BrandD,4424.15,1398.87,2023-07-24,1,4.63,Medium
74,Best Set,Apparel,Electronics,BrandC,2160.59,920.0,2025-02-19,0,4.15,Large
75,Speech Set,Beauty,Books,BrandD,480.38,1399.44,2025-07-09,1,4.31,Small
76,Technology Pro,Apparel,Home,BrandB,1759.53,3840.94,2023-06-04,0,3.86,Large
77,East Item,Beauty,Electronics,BrandE,1097.82,2840.2,2024-09-27,0,5.0,Medium
78,Question Pro,Beauty,Books,BrandC,3210.92,1255.85,2023-08-21,1,3.99,Medium
79,Modern Set,Beauty,Beauty,BrandC,265.19,1011.6,2025-07-30,1,4.71,Small
80,Federal Set,Apparel,Apparel,BrandE,760.51,685.23,2025-05-13,1,0.31,Small
81,Line Set,Electronics,Home,BrandD,577.67,1081.08,2025-09-16,0,4.73,Large
82,Throughout Pro,Apparel,Electronics,BrandD,3427.83,3041.11,2025-01-25,0,2.8,Large
83,Item Set,Electronics,Beauty,BrandB,4844.33,1647.63,2025-07-21,0,1.79,Small
84,Stock Pro,Apparel,Home,BrandB,3865.57,3621.72,2025-08-16,0,1.59,Small
85,Example Item,Electronics,Electronics,BrandA,795.18,3286.72,2025-06-20,1,3.05,Large
86,Interesting Set,Books,Electronics,BrandC,2508.55,1738.1,2024-10-17,0,0.8,Large
87,Officer Pro,Electronics,Electronics,BrandD,1956.75,2971.23,2024-01-15,0,1.66,Large
88,Perhaps Set,Home,Electronics,BrandA,2413.77,2311.94,2023-06-17,1,2.23,Large
89,Step Pro,Electronics,Beauty,BrandA,3606.14,494.75,2025-03-13,1,0.49,Small
90,Share Set,Apparel,Beauty,BrandE,4597.94,1969.32,2025-02-15,0,3.02,Small
91,Interesting Pro,Beauty,Electronics,BrandD,4306.93,1206.82,2023-02-23,0,4.26,Small
92,Evidence Pro,Electronics,Books,BrandD,2069.02,1448.18,2024-03-23,0,2.39,Medium
93,Million Pro,Home,Home,BrandC,2749.69,937.05,2023-12-19,1,0.94,Small
94,Brother Set,Apparel,Beauty,BrandA,3434.55,3249.73,2025-09-03,0,4.08,Large
95,Would Set,Apparel,Home,BrandA,4992.86,2220.7,2023-04-17,0,0.62,Small
96,Firm Set,Apparel,Home,BrandE,2320.06,3070.63,2023-12-26,1,2.25,Small
97,Low Pro,Beauty,Apparel,BrandD,4273.5,685.6,2025-06-10,0,4.7,Large
98,Range Set,Books,Home,BrandA,2224.95,2630.71,2023-08-24,0,4.69,Medium
99,Plan Item,Beauty,Books,BrandD,937.69,1969.51,2024-11-04,1,3.98,Medium
100,Behind Set,Beauty,Beauty,BrandC,2642.5,2456.22,2023-03-31,1,3.83,Medium
101,Research Set,Electronics,Electronics,BrandD,4219.8,2403.53,2025-11-23,0,2.24,Large
102,Per Item,Books,Electronics,BrandA,3272.3,1197.89,2025-08-27,0,3.79,Medium
103,Area Item,Beauty,Books,BrandC,2575.69,2532.78,2024-12-31,1,4.98,Large
104,Gas Set,Beauty,Beauty,BrandB,2342.2,691.56,2025-05-30,0,0.98,Large
105,Congress Set,Books,Apparel,BrandE,648.76,3100.77,2023-05-17,1,1.9,Large
106,Impact Set,Apparel,Books,BrandA,2710.11,3991.75,2023-08-08,1,0.71,Large
107,Bed Pro,Home,Books,BrandC,2156.97,1763.74,2024-12-11,1,0.76,Medium
108,Term Set,Home,Beauty,BrandE,2129.15,2521.47,2023-06-14,1,3.66,Large
109,Movie Set,Home,Books,BrandA,1281.9,3938.02,2023-11-10,1,0.36,Large
110,Side Pro,Books,Electronics,BrandA,1580.48,468.91,2025-05-17,0,0.99,Small
111,Similar Item,Books,Beauty,BrandE,3979.3,190.25,2023-11-05,1,2.04,Large
112,Go Set,Apparel,Beauty,BrandC,1174.54,3459.71,2023-12-07,1,2.39,Large
113,Maybe Pro,Beauty,Books,BrandE,4295.63,3338.98,2023-07-10,0,4.97,Small
114,Chance Set,Books,Apparel,BrandC,2576.59,3531.94,2023-05-09,1,3.16,Small
115,Build Item,Electronics,Books,BrandB,4232.35,1777.28,2025-11-18,1,2.71,Large
116,Trial Item,Apparel,Books,BrandC,269.77,1861.8,2025-08-02,1,2.3,Medium
117,Use Set,Electronics,Beauty,BrandD,2274.97,923.09,2024-11-14,0,2.01,Small
118,Animal Set,Beauty,Books,BrandA,2540.12,1717.99,2023-04-08,1,1.2,Small
119,Customer Item,Beauty,Beauty,BrandD,2699.87,2929.41,2025-09-22,1,4.5,Medium
120,Must Set,Books,Electronics,BrandE,873.84,2399.33,2024-05-12,1,1.74,Small
121,Court Item,Electronics,Apparel,BrandD,1547.48,1460.14,2025-10-17,0,0.73,Medium
122,Painting Pro,Beauty,Books,BrandD,2921.52,3611.31,2024-04-08,1,2.74,Small
123,Material Item,Books,Books,BrandD,3041.37,479.24,2024-03-26,1,4.8,Medium
124,Yet Pro,Books,Beauty,BrandA,4414.35,3642.65,2024-04-17,0,1.53,Medium
125,Or Item,Apparel,Books,BrandC,267.11,226.44,2024-03-13,1,2.73,Small
126,Check Pro,Books,Apparel,BrandC,1862.54,2187.26,2023-05-01,0,2.03,Large
127,Minute Pro,Beauty,Home,BrandD,4488.14,3310.13,2025-08-12,0,3.23,Small
128,Rock Pro,Beauty,Beauty,BrandC,1601.45,463.35,2024-11-01,1,0.9,Large
129,Coach Item,Beauty,Books,BrandE,3316.88,3901.56,2023-08-07,1,2.65,Small
130,The Set,Home,Electronics,BrandA,3740.88,2808.97,2023-05-17,1,3.6,Medium
131,Appear Pro,Home,Books,BrandB,2953.29,115.03,2023-05-17,1,3.37,Large
132,Drop Item,Home,Beauty,BrandA,1954.31,3938.98,2023-06-19,1,0.87,Large
133,Story Item,Beauty,Home,BrandC,1595.08,3280.52,2023-09-12,1,2.7,Large
134,Wife Set,Beauty,Home,BrandE,4006.46,3555.2,2024-10-26,1,0.49,Small
135,Society Set,Books,Home,BrandC,4720.32,2028.26,2024-03-05,1,1.24,Large
136,Interview Item,Electronics,Electronics,BrandE,1444.99,1245.89,2024-07-11,0,4.48,Medium
137,History Set,Beauty,Beauty,BrandE,4973.22,1290.98,2024-03-24,0,2.09,Large
138,Exist Set,Beauty,Books,BrandC,2063.93,3294.29,2025-08-25,1,3.62,Small
139,Situation Set,Apparel,Books,BrandE,2614.51,3396.27,2023-02-16,1,3.77,Large
140,Business Item,Home,Books,BrandB,2075.64,948.6,2024-07-14,1,2.63,Small
141,Power Pro,Books,Electronics,BrandA,4127.7,698.03,2025-11-17,0,1.84,Large
142,Hour Set,Books,Home,BrandE,510.38,1400.72,2025-10-25,1,4.63,Large
143,Keep Pro,Beauty,Home,BrandA,377.82,158.22,2024-10-19,0,1.14,Large
144,Water Set,Apparel,Apparel,BrandE,371.98,1010.88,2025-03-23,0,1.93,Small
145,However Item,Home,Electronics,BrandB,1812.14,581.15,2025-02-19,1,4.23,Small
146,Where Pro,Electronics,Beauty,BrandE,1144.79,595.56,2025-05-08,1,2.48,Medium
147,Anyone Pro,Beauty,Beauty,BrandB,585.55,2579.15,2023-03-18,1,0.75,Medium
148,Answer Pro,Books,Home,BrandB,2039.36,3857.0,2023-10-30,0,1.71,Large
149,Natural Pro,Books,Books,BrandC,4293.34,3343.22,2024-02-19,0,0.11,Large
150,Culture Pro,Beauty,Home,BrandD,2908.78,3556.79,2024-08-14,1,2.11,Large
151,West Item,Electronics,Apparel,BrandA,1276.84,737.03,2023-09-28,1,3.82,Large
152,Exactly Set,Books,Electronics,BrandE,3588.17,2336.76,2025-07-07,1,2.14,Medium
153,Base Set,Beauty,Electronics,BrandA,2987.03,3099.31,2025-11-25,0,2.43,Medium
154,Professor Item,Beauty,Books,BrandE,1703.02,909.21,2023-07-25,1,4.06,Large
155,Finally Set,Apparel,Apparel,BrandD,4163.48,741.21,2024-04-18,1,3.45,Large
156,Cup Item,Beauty,Beauty,BrandD,2590.71,2483.43,2024-11-18,0,0.28,Medium
157,Fight Pro,Home,Beauty,BrandC,3183.16,3740.91,2023-10-22,1,3.56,Large
158,Same Pro,Apparel,Home,BrandC,1187.65,3543.51,2025-07-10,1,1.47,Large
159,Major Item,Books,Electronics,BrandB,3814.96,2431.78,2025-08-02,1,0.59,Small
160,Policy Item,Apparel,Home,BrandD,3845.26,3808.79,2023-01-20,1,3.38,Medium
161,Entire Set,Home,Beauty,BrandB,4186.95,3573.34,2023-11-02,1,3.46,Medium
162,Heavy Item,Electronics,Beauty,BrandA,853.0,201.35,2023-06-26,0,1.96,Large
163,Everyone Item,Home,Apparel,BrandA,1743.08,2431.24,2023-05-02,0,0.93,Medium
164,Report Item,Beauty,Books,BrandA,1051.25,3064.16,2025-11-25,0,3.37,Small
165,Poor Set,Apparel,Electronics,BrandB,764.23,1785.32,2023-01-16,0,1.95,Small
166,To Set,Apparel,Beauty,BrandE,1194.11,1400.21,2025-07-17,0,1.18,Small
167,Two Item,Electronics,Electronics,BrandC,4442.7,412.35,2024-07-16,1,4.82,Medium
168,Pattern Set,Electronics,Home,BrandD,3796.69,2093.75,2023-03-30,0,3.9,Large
169,Support Set,Electronics,Home,BrandE,4879.13,1255.57,2023-05-12,1,1.04,Large
170,Door Pro,Books,Books,BrandA,2664.54,1746.3,2025-06-28,1,3.01,Large
171,Game Set,Home,Home,BrandC,2277.13,3830.66,2025-07-15,0,0.78,Small
172,Crime Item,Books,Books,BrandD,2667.73,122.87,2025-02-02,1,2.42,Small
173,Move Pro,Home,Home,BrandD,1105.99,3445.97,2023-01-06,1,3.55,Small
174,Hospital Pro,Books,Home,BrandA,307.79,1651.6,2023-11-11,1,2.64,Medium
175,Sing Item,Electronics,Beauty,BrandC,171.28,443.05,2025-04-10,1,1.82,Large
176,Candidate Item,Books,Books,BrandC,3364.09,791.0,2025-04-26,1,2.42,Large
177,Watch Set,Home,Apparel,BrandA,3245.03,665.53,2025-08-06,0,3.56,Small
178,Trip Item,Beauty,Apparel,BrandE,1447.22,2037.87,2025-03-27,0,2.51,Small
179,Past Set,Home,Electronics,BrandA,2643.87,3454.64,2024-03-20,0,4.17,Medium
180,Human Item,Beauty,Books,BrandD,2887.46,1063.32,2023-01-29,1,0.77,Medium
181,Measure Set,Home,Electronics,BrandE,1595.91,1715.24,2023-06-20,1,0.97,Large
182,Music Item,Electronics,Beauty,BrandB,594.11,2704.58,2024-12-26,1,4.27,Large
183,Future Pro,Apparel,Electronics,BrandD,220.03,74.17,2025-12-11,0,2.87,Large
184,Site Item,Apparel,Home,BrandB,1715.56,3405.82,2024-08-24,0,0.64,Small
185,Animal Item,Beauty,Beauty,BrandA,1586.94,3430.03,2023-09-07,0,1.1,Large
186,Indeed Set,Home,Beauty,BrandE,3771.44,167.71,2024-02-23,1,3.86,Large
187,Business Pro,Home,Apparel,BrandD,578.05,1831.91,2023-05-17,1,1.11,Medium
188,Politics Item,Apparel,Beauty,BrandD,3962.23,1879.65,2025-11-08,0,2.11,Large
189,Per Set,Beauty,Books,BrandA,223.02,3133.85,2025-07-20,1,3.36,Medium
190,Recent Set,Books,Books,BrandA,448.85,1936.86,2025-09-06,0,3.93,Small
191,Since Set,Apparel,Electronics,BrandC,3537.15,1829.0,2023-04-05,0,0.55,Medium
192,Put Pro,Beauty,Home,BrandB,3721.69,1186.9,2024-08-07,1,1.94,Small
193,Network Item,Electronics,Books,BrandD,3437.66,647.67,2024-03-24,1,1.92,Small
194,Past Item,Books,Electronics,BrandC,3189.28,2751.07,2024-01-07,1,0.49,Medium
195,Person Item,Beauty,Home,BrandD,2831.44,2982.0,2025-05-23,1,3.7,Large
196,Recognize Set,Electronics,Electronics,BrandE,1030.66,2106.66,2023-07-25,0,4.97,Medium
197,May Pro,Apparel,Beauty,BrandE,471.82,2148.45,2023-09-21,0,2.83,Medium
198,Drive Set,Beauty,Apparel,BrandC,3570.68,2316.53,2024-08-22,1,3.42,Medium
199,Long Set,Apparel,Electronics,BrandC,314.44,3170.98,2023-10-02,0,2.33,Medium
200,Member Item,Home,Electronics,BrandD,722.2,2537.84,2025-11-26,0,2.45,Large
201,Step Set,Apparel,Home,BrandA,806.68,1825.48,2025-03-26,1,1.32,Large
202,Above Set,Home,Apparel,BrandD,2686.44,2052.31,2024-12-28,1,3.43,Small
203,Oil Pro,Electronics,Books,BrandD,3433.27,2013.84,2024-07-13,1,1.57,Small
204,Left Set,Apparel,Home,BrandC,1616.16,2579.75,2024-09-06,1,3.29,Small
205,Another Set,Apparel,Beauty,BrandA,2726.43,2474.3,2025-03-16,0,1.82,Small
206,Girl Pro,Books,Beauty,BrandA,1976.37,2672.62,2023-07-29,1,4.29,Large
207,Activity Set,Electronics,Apparel,BrandD,4409.14,74.42,2025-08-23,0,4.2,Large
208,Wind Item,Electronics,Beauty,BrandE,2874.61,728.55,2024-05-28,0,4.1,Medium
209,Stand Item,Home,Home,BrandC,4204.0,1074.83,2023-10-03,0,4.91,Medium
210,Parent Pro,Home,Beauty,BrandB,4572.25,75.1,2023-01-19,0,3.4,Small
211,Summer Set,Electronics,Home,BrandB,706.0,3780.09,2024-08-29,0,2.79,Small
212,Local Item,Electronics,Home,BrandB,416.63,1275.51,2024-05-19,0,2.14,Large
213,Likely Pro,Apparel,Books,BrandA,3487.36,543.76,2023-12-13,0,0.37,Small
214,Fish Pro,Beauty,Home,BrandC,1593.96,3687.89,2023-03-05,1,0.83,Large
215,Speech Set,Beauty,Apparel,BrandB,4726.43,2486.67,2025-11-29,1,0.15,Large
216,Forget Pro,Home,Electronics,BrandE,1112.05,593.79,2025-03-16,0,2.38,Small
217,Red Item,Home,Beauty,BrandA,4908.49,3623.86,2024-09-22,1,1.54,Small
218,Again Pro,Books,Electronics,BrandC,2267.32,2518.54,2023-10-16,0,4.95,Small
219,Garden Pro,Electronics,Beauty,BrandB,2978.01,297.18,2023-05-25,1,4.67,Small
220,Talk Set,Beauty,Electronics,BrandB,609.3,110.92,2025-01-10,0,4.34,Large
221,Catch Set,Books,Home,BrandD,1708.8,3719.03,2023-04-24,0,3.98,Large
222,City Item,Books,Apparel,BrandD,4961.64,1275.93,2024-07-19,1,1.46,Large
223,Tax Set,Home,Electronics,BrandE,4670.57,2675.34,2024-03-14,0,1.4,Small
224,Family Item,Apparel,Home,BrandA,1585.77,2350.53,2025-02-03,0,0.41,Small
225,Else Pro,Home,Beauty,BrandD,3495.76,950.19,2024-03-05,1,4.83,Large
226,Threat Set,Books,Electronics,BrandD,4968.94,2277.38,2023-07-14,0,2.72,Small
227,Democrat Pro,Electronics,Apparel,BrandD,937.18,1116.71,2024-05-28,1,0.11,Medium
228,Pass Set,Electronics,Electronics,BrandD,3765.51,704.64,2023-01-06,0,1.9,Large
229,Hundred Pro,Electronics,Electronics,BrandE,4147.91,3551.68,2025-05-08,1,1.76,Medium
230,Lose Pro,Apparel,Apparel,BrandE,3771.51,3277.15,2024-03-26,0,4.34,Large
231,Would Item,Books,Apparel,BrandD,4624.66,423.86,2025-11-29,0,4.91,Large
232,Voice Pro,Home,Apparel,BrandC,3963.6,1896.69,2025-05-24,1,1.27,Medium
233,Establish Item,Apparel,Electronics,BrandD,3739.09,3442.49,2025-06-01,0,3.39,Small
234,Actually Item,Beauty,Electronics,BrandC,3045.94,3437.35,2024-12-06,0,1.34,Small
235,Deep Set,Books,Books,BrandE,4085.83,175.97,2025-03-16,0,3.9,Medium
236,Part Pro,Home,Electronics,BrandA,1103.36,1222.85,2025-01-25,1,3.25,Large
237,Hour Pro,Electronics,Electronics,BrandE,3464.7,2423.2,2025-06-04,0,3.81,Large
238,Important Set,Apparel,Home,BrandD,2443.4,1212.42,2023-02-22,0,4.27,Medium
239,That Item,Home,Home,BrandA,1200.18,1251.99,2024-03-25,1,1.47,Small
240,Physical Pro,Books,Books,BrandC,4625.8,2229.06,2023-02-14,0,2.63,Small
241,Onto Set,Electronics,Home,BrandA,528.84,2241.65,2025-04-08,0,1.23,Large
242,Could Set,Apparel,Home,BrandE,828.69,1022.87,2025-08-04,0,3.65,Small
243,Parent Pro,Books,Beauty,BrandB,2631.3,2214.36,2024-11-28,0,2.05,Small
244,Talk Pro,Books,Home,BrandB,3112.1,607.74,2025-03-25,0,3.95,Large
245,Require Set,Books,Beauty,BrandB,1179.36,1417.04,2025-02-18,0,4.78,Large
246,Similar Set,Books,Apparel,BrandE,1276.07,2309.24,2023-11-09,1,1.25,Medium
247,Draw Pro,Home,Electronics,BrandB,2764.88,3339.52,2023-02-20,1,4.15,Small
248,Sure Set,Home,Beauty,BrandD,3511.97,1751.17,2023-07-18,1,3.54,Large
249,Health Pro,Beauty,Books,BrandC,4712.61,345.04,2025-05-26,0,1.1,Small
250,Smile Item,Apparel,Electronics,BrandE,830.87,939.17,2023-01-21,1,1.34,Large
251,This Item,Beauty,Beauty,BrandD,3953.01,3140.24,2025-05-03,0,1.87,Large
252,Task Pro,Home,Home,BrandA,2640.88,64.36,2025-11-14,0,2.56,Medium
253,Focus Set,Apparel,Electronics,BrandD,1138.51,2145.01,2023-12-14,0,4.52,Small
254,Authority Pro,Books,Books,BrandB,1836.78,2929.08,2023-11-20,1,3.57,Large
255,Thank Item,Home,Home,BrandE,129.74,833.94,2023-01-11,0,3.98,Large
256,East Pro,Electronics,Electronics,BrandC,894.92,1496.11,2023-09-10,1,2.72,Large
257,Value Set,Apparel,Apparel,BrandD,3375.59,2841.05,2024-03-13,0,2.26,Medium
258,Create Set,Beauty,Home,BrandB,2034.55,2758.9,2024-08-02,0,2.92,Medium
259,Manager Set,Apparel,Electronics,BrandD,439.93,1483.29,2025-12-18,1,3.98,Small
260,Back Set,Books,Apparel,BrandB,830.98,2493.4,2025-04-27,1,1.16,Large
261,Skin Pro,Beauty,Books,BrandC,4996.85,3533.02,2024-10-21,1,3.56,Large
262,Such Pro,Apparel,Apparel,BrandD,4470.17,1392.95,2025-09-29,1,3.97,Medium
263,Series Item,Books,Books,BrandA,1674.49,3574.9,2025-08-05,0,4.28,Medium
264,Bill Set,Electronics,Apparel,BrandE,1730.22,1095.22,2024-05-26,1,2.02,Small
265,Fine Set,Books,Electronics,BrandD,2518.4,1939.25,2024-11-12,1,0.93,Medium
266,Lay Set,Electronics,Electronics,BrandE,752.11,2237.03,2025-09-15,0,4.96,Medium
267,Hand Pro,Electronics,Books,BrandA,1625.02,121.07,2023-08-12,0,2.03,Small
268,Address Set,Electronics,Books,BrandB,1959.82,2854.81,2024-09-04,0,0.61,Large
269,Project Pro,Beauty,Electronics,BrandC,4228.23,2577.24,2025-01-06,1,4.27,Large
270,Know Pro,Electronics,Books,BrandC,2035.6,2648.89,2023-03-31,1,3.62,Large
271,Away Pro,Books,Home,BrandA,4099.75,2790.84,2023-07-26,1,0.74,Medium
272,Agency Item,Books,Electronics,BrandA,1995.4,2185.52,2024-12-24,0,1.08,Small
273,Dinner Item,Beauty,Electronics,BrandD,3638.26,3339.52,2024-02-09,1,4.0,Large
274,Drive Item,Home,Electronics,BrandB,2303.3,899.71,2023-07-10,0,2.64,Medium
275,Serve Item,Books,Apparel,BrandE,4147.75,1932.06,2025-08-21,1,2.36,Large
276,Both Set,Beauty,Electronics,BrandE,4067.15,1536.31,2023-07-23,1,2.79,Medium
277,Beat Pro,Home,Electronics,BrandE,405.34,413.24,2023-01-27,1,2.36,Medium
278,Many Item,Apparel,Home,BrandE,4914.65,674.48,2024-04-24,0,3.04,Medium
279,International Set,Books,Apparel,BrandB,4043.75,2025.54,2025-10-29,1,3.91,Large
280,Describe Pro,Books,Electronics,BrandB,2405.1,3293.36,2023-05-31,1,1.99,Large
281,Third Item,Beauty,Home,BrandA,763.05,2690.95,2023-07-03,1,4.65,Medium
282,Institution Pro,Books,Home,BrandA,4049.16,3660.96,2025-03-27,1,0.27,Medium
283,Much Item,Home,Books,BrandC,1466.19,2554.54,2025-08-13,0,2.48,Large
284,Activity Item,Electronics,Electronics,BrandE,4464.78,2811.62,2023-08-09,1,0.12,Small
285,Business Pro,Electronics,Home,BrandA,4297.08,2031.95,2025-12-01,0,2.0,Medium
286,Establish Pro,Electronics,Beauty,BrandB,4808.97,620.69,2023-06-18,1,0.51,Small
287,Indicate Pro,Home,Apparel,BrandB,1028.27,578.35,2025-03-17,1,1.47,Large
288,Why Pro,Home,Home,BrandE,4850.84,3482.86,2024-01-11,1,0.78,Medium
289,Arrive Pro,Electronics,Beauty,BrandC,929.77,250.72,2024-04-05,0,0.58,Small
290,Before Set,Electronics,Electronics,BrandE,3171.8,635.21,2024-05-31,0,2.25,Small
291,From Pro,Home,Apparel,BrandD,287.91,3524.2,2025-11-25,1,0.78,Small
292,Gun Item,Home,Books,BrandB,2790.92,2819.94,2024-06-11,0,2.4,Large
293,Else Pro,Home,Electronics,BrandE,4780.87,2382.73,2024-02-05,0,1.15,Medium
294,Everybody Pro,Electronics,Books,BrandA,1834.96,1204.84,2024-09-20,1,2.12,Medium
295,Full Item,Home,Apparel,BrandE,375.49,1760.95,2023-02-02,0,2.36,Medium
296,Want Pro,Electronics,Home,BrandB,3128.07,309.54,2023-05-17,1,4.7,Small
297,Agent Set,Electronics,Home,BrandC,1871.02,3755.5,2024-05-30,1,4.42,Medium
298,Attorney Item,Home,Home,BrandE,435.12,1450.11,2025-12-14,0,4.07,Large
299,Benefit Set,Books,Beauty,BrandE,1380.91,178.35,2023-07-28,0,2.43,Small
300,Sea Pro,Electronics,Electronics,BrandE,4806.54,1525.67,2023-08-29,0,3.22,Large
301,Way Item,Books,Apparel,BrandD,4251.32,2642.65,2024-11-19,1,0.33,Small
302,Civil Item,Books,Electronics,BrandE,1385.73,95.69,2025-09-14,0,4.28,Large
303,Ready Pro,Electronics,Electronics,BrandC,515.4,2476.68,2025-06-22,0,1.84,Large
304,Southern Item,Home,Apparel,BrandB,1410.78,2962.75,2024-10-31,1,2.83,Small
305,Other Item,Apparel,Beauty,BrandA,3648.69,1073.59,2024-05-04,1,0.19,Medium
306,Staff Pro,Electronics,Beauty,BrandD,1889.65,2419.87,2023-11-25,1,0.95,Large
307,Dog Pro,Beauty,Books,BrandA,4169.01,664.31,2024-04-25,0,0.27,Small
308,Half Pro,Books,Books,BrandE,276.69,3497.12,2023-02-13,0,1.41,Small
309,Throughout Set,Beauty,Beauty,BrandA,1720.81,2221.23,2023-12-22,1,2.94,Small
310,Area Set,Books,Books,BrandD,3710.44,1093.91,2023-07-01,0,1.89,Large
311,Why Item,Books,Beauty,BrandA,2987.21,698.86,2025-12-11,0,4.08,Small
312,Draw Pro,Books,Electronics,BrandB,2790.56,372.46,2022-12-23,0,1.86,Small
313,Report Set,Home,Home,BrandA,4730.63,1385.71,2025-07-18,0,3.28,Medium
314,Remain Pro,Beauty,Electronics,BrandC,1506.55,3670.98,2024-11-07,1,2.24,Medium
315,Throw Pro,Electronics,Electronics,BrandE,4572.96,3601.02,2025-04-28,1,3.05,Medium
316,Former Item,Beauty,Electronics,BrandB,3229.96,2517.37,2025-08-20,1,0.54,Medium
317,Town Item,Books,Beauty,BrandB,1802.18,1576.24,2024-03-01,0,2.88,Small
318,My Pro,Beauty,Beauty,BrandB,705.2,1416.88,2025-01-13,1,0.35,Medium
319,Letter Item,Apparel,Apparel,BrandC,1662.66,171.02,2023-08-11,0,0.99,Medium
320,Make Set,Home,Books,BrandA,3677.96,1229.63,2024-11-28,1,4.22,Small
321,Really Pro,Books,Books,BrandB,4734.48,1433.93,2024-03-14,1,1.79,Large
322,Imagine Set,Home,Electronics,BrandD,4113.34,1627.56,2024-08-07,0,0.37,Large
323,Most Item,Electronics,Home,BrandB,2622.08,1240.4,2024-03-28,0,3.17,Large
324,First Set,Books,Home,BrandB,2770.35,1026.63,2023-05-21,1,2.74,Large
325,Decade Set,Beauty,Home,BrandB,292.06,3881.79,2024-08-15,1,3.44,Medium
326,Fight Pro,Home,Apparel,BrandE,2803.38,790.63,2024-03-11,1,4.43,Large
327,Decade Set,Home,Home,BrandA,2710.8,3928.17,2024-12-08,0,3.41,Small
328,Dog Pro,Beauty,Electronics,BrandE,3972.72,130.56,2024-12-22,0,1.01,Large
329,Course Item,Beauty,Books,BrandE,1273.94,1999.29,2024-07-11,0,3.49,Small
330,Push Item,Electronics,Apparel,BrandE,859.74,1824.04,2024-05-08,0,2.88,Small
331,Scene Item,Electronics,Apparel,BrandD,3441.06,2255.95,2025-06-29,1,2.4,Medium
332,Majority Item,Beauty,Home,BrandD,870.49,1129.6,2024-07-12,0,3.62,Small
333,Quite Item,Books,Beauty,BrandE,1322.7,210.46,2025-02-25,1,2.48,Medium
334,Difference Pro,Books,Books,BrandA,4604.63,2137.81,2024-07-18,1,3.56,Medium
335,Expert Set,Apparel,Books,BrandA,1844.22,93.29,2024-05-12,1,3.44,Medium
336,Husband Pro,Apparel,Electronics,BrandD,3855.12,3248.71,2023-07-14,0,1.99,Large
337,It Item,Home,Electronics,BrandB,3849.57,2930.52,2023-12-25,1,1.16,Small
338,Ahead Item,Electronics,Apparel,BrandA,884.88,1875.99,2024-08-22,1,0.12,Large
339,Method Item,Home,Home,BrandB,3517.81,1097.16,2025-10-30,1,3.65,Large
340,Because Set,Electronics,Electronics,BrandC,4148.14,1089.46,2023-05-18,1,2.5,Large
341,Involve Set,Books,Electronics,BrandB,2521.61,1469.73,2025-03-19,0,4.41,Medium
342,Cell Pro,Books,Apparel,BrandC,1223.98,3743.39,2024-09-29,0,0.73,Small
343,Sell Item,Books,Apparel,BrandA,3775.0,3162.14,2025-10-27,1,4.92,Small
344,Piece Set,Books,Home,BrandC,2968.93,2650.96,2023-06-06,1,5.0,Small
345,Reality Set,Home,Home,BrandE,2879.01,1756.99,2024-12-14,0,0.88,Medium
346,Office Set,Electronics,Home,BrandC,4411.03,3347.22,2024-05-27,0,0.69,Large
347,Reveal Set,Beauty,Apparel,BrandB,2886.38,2924.01,2024-11-13,0,3.68,Large
348,Sure Item,Home,Home,BrandE,2097.93,1262.7,2024-10-06,1,1.87,Medium
349,Sort Set,Home,Apparel,BrandC,1208.47,3886.75,2025-12-12,0,1.4,Large
350,Program Item,Home,Electronics,BrandE,4531.34,1757.31,2023-04-24,0,4.65,Small
351,Two Pro,Apparel,Electronics,BrandA,768.63,1054.73,2024-06-28,1,3.67,Medium
352,Media Pro,Books,Apparel,BrandE,2067.21,181.23,2025-09-08,0,4.08,Medium
353,Thousand Item,Home,Home,BrandD,413.27,1993.21,2024-01-11,0,2.07,Small
354,With Pro,Home,Home,BrandC,4217.31,3238.17,2024-03-29,0,2.16,Medium
355,Admit Item,Home,Beauty,BrandA,651.43,1675.92,2025-08-23,1,4.97,Small
356,International Set,Electronics,Books,BrandE,2964.7,895.78,2023-09-18,1,1.48,Small
357,Phone Pro,Beauty,Beauty,BrandA,1588.39,2542.14,2024-06-23,1,4.25,Large
358,Finally Item,Electronics,Books,BrandA,2785.69,462.95,2023-06-05,1,0.61,Small
359,Body Pro,Books,Apparel,BrandA,4389.44,584.27,2025-10-20,1,4.44,Medium
360,Rule Item,Beauty,Beauty,BrandB,3695.63,3025.02,2024-09-19,0,0.21,Small
361,Image Set,Home,Beauty,BrandB,4795.07,1936.67,2023-05-08,1,3.68,Medium
362,Pull Item,Home,Beauty,BrandE,2870.35,709.38,2023-03-03,1,1.17,Small
363,Behind Set,Apparel,Books,BrandE,2300.54,1742.96,2024-03-06,0,0.59,Large
364,Company Item,Beauty,Beauty,BrandC,1330.37,471.43,2025-11-04,1,0.59,Medium
365,Center Pro,Home,Apparel,BrandB,3901.46,2287.03,2025-03-02,0,2.17,Large
366,Past Set,Beauty,Books,BrandA,3349.35,3111.05,2025-08-30,1,4.26,Medium
367,Develop Set,Beauty,Beauty,BrandE,3785.81,1525.4,2024-05-01,1,1.61,Small
368,Media Set,Beauty,Books,BrandE,3292.27,1010.54,2024-01-03,1,0.21,Small
369,News Item,Beauty,Books,BrandA,242.29,1771.37,2024-12-29,1,1.53,Medium
370,Class Pro,Beauty,Electronics,BrandD,4521.9,343.22,2024-09-29,1,1.63,Small
371,Positive Item,Electronics,Apparel,BrandC,3239.85,800.52,2025-03-01,1,3.21,Medium
372,Himself Set,Home,Home,BrandB,2264.88,2208.84,2025-05-26,1,3.88,Small
373,Ever Pro,Home,Home,BrandE,185.87,473.82,2023-03-06,0,0.37,Small
374,Some Set,Home,Books,BrandB,365.51,763.02,2025-03-02,0,3.12,Small
375,Their Pro,Electronics,Electronics,BrandE,4780.73,3095.3,2024-12-27,0,3.78,Small
376,Drop Item,Beauty,Electronics,BrandA,4611.44,532.7,2023-01-11,1,2.72,Medium
377,Me Item,Beauty,Electronics,BrandA,4071.7,2994.6,2025-02-04,0,0.5,Small
378,Reason Item,Electronics,Beauty,BrandA,4219.78,2338.7,2023-06-01,0,2.59,Large
379,Million Set,Books,Electronics,BrandA,2460.6,2892.06,2024-08-22,1,0.98,Small
380,Church Item,Books,Books,BrandB,2716.47,1940.35,2023-12-29,0,2.57,Small
381,Race Item,Apparel,Apparel,BrandD,3870.2,382.85,2024-06-07,0,0.56,Medium
382,Majority Item,Home,Books,BrandB,1322.45,266.07,2024-03-25,0,1.84,Medium
383,So Item,Books,Home,BrandE,1152.86,1502.69,2023-03-25,0,4.41,Medium
384,Cost Set,Home,Books,BrandA,935.7,2199.39,2023-07-17,1,2.22,Small
385,Guy Set,Home,Beauty,BrandE,2267.63,2767.3,2024-10-25,0,2.66,Medium
386,Score Pro,Home,Beauty,BrandC,2143.83,3054.94,2024-02-15,1,1.57,Large
387,Purpose Item,Apparel,Electronics,BrandE,1703.64,980.01,2025-09-07,1,1.93,Large
388,Some Pro,Electronics,Apparel,BrandB,3344.45,391.59,2023-07-11,1,0.73,Medium
389,Respond Set,Apparel,Electronics,BrandA,3522.75,2382.15,2023-01-02,0,1.9,Large
390,Cup Item,Home,Beauty,BrandA,1751.75,944.36,2025-11-11,0,3.87,Large
391,Meeting Set,Beauty,Electronics,BrandA,1632.42,269.4,2024-03-10,1,3.06,Large
392,Oil Item,Electronics,Electronics,BrandB,1449.45,92.11,2024-06-26,1,0.59,Medium
393,Choice Item,Apparel,Books,BrandE,2409.27,3596.26,2024-09-30,0,1.62,Medium
394,Truth Set,Beauty,Beauty,BrandB,1412.11,2727.86,2023-09-10,0,4.48,Medium
395,Eat Item,Beauty,Books,BrandD,1973.13,2993.05,2024-07-26,1,3.77,Small
396,Ball Set,Books,Home,BrandC,4364.74,962.05,2025-08-16,0,2.63,Medium
397,Amount Set,Beauty,Electronics,BrandA,184.75,3176.52,2025-06-09,1,3.35,Medium
398,Plan Pro,Home,Books,BrandD,3495.49,1967.08,2025-10-06,0,4.41,Medium
399,Keep Item,Books,Electronics,BrandA,1833.59,3575.51,2025-11-17,1,3.83,Large
400,Family Item,Home,Apparel,BrandA,368.16,3914.3,2025-09-13,0,4.49,Large
401,Fish Set,Electronics,Books,BrandE,4061.24,2883.16,2024-03-26,1,0.26,Medium
402,Require Item,Home,Beauty,BrandC,2888.25,3373.41,2023-09-04,0,2.99,Large
403,She Item,Electronics,Electronics,BrandD,3076.03,1751.91,2024-09-19,0,4.86,Large
404,Send Pro,Home,Beauty,BrandE,2107.19,118.71,2023-08-03,1,1.53,Small
405,World Item,Books,Beauty,BrandC,287.79,1297.44,2023-07-03,1,3.42,Large
406,Employee Set,Books,Electronics,BrandB,4976.45,3456.63,2023-06-29,1,1.38,Large
407,Compare Item,Electronics,Home,BrandE,2235.38,2788.32,2023-12-24,0,4.72,Large
408,Section Set,Apparel,Electronics,BrandE,1638.96,3361.02,2025-02-08,1,3.65,Large
409,Raise Set,Books,Electronics,BrandA,4925.21,3723.83,2025-02-09,1,1.48,Medium
410,Health Pro,Books,Home,BrandD,1035.09,2860.7,2023-08-11,1,2.05,Large
411,Future Set,Apparel,Books,BrandD,3442.91,149.39,2023-04-27,1,0.35,Medium
412,Law Item,Electronics,Electronics,BrandA,598.66,1276.38,2025-04-05,0,1.54,Large
413,Continue Item,Books,Books,BrandB,4875.69,2974.52,2023-05-12,1,1.66,Large
414,Training Item,Books,Home,BrandC,4585.33,2028.59,2024-11-10,0,4.94,Medium
415,Manage Set,Books,Books,BrandD,488.13,3876.3,2025-12-17,0,2.13,Medium
416,Report Item,Apparel,Electronics,BrandD,581.03,395.51,2023-01-26,1,4.74,Small
417,Five Pro,Home,Home,BrandE,4304.57,3965.52,2023-12-24,1,2.01,Small
418,Indeed Item,Apparel,Electronics,BrandD,352.3,2586.82,2024-12-24,0,1.62,Medium
419,Dream Pro,Beauty,Home,BrandD,4713.72,2666.27,2024-04-21,0,3.61,Large
420,North Item,Books,Apparel,BrandB,4618.7,1802.31,2024-01-19,1,3.23,Medium
421,Individual Pro,Apparel,Home,BrandA,2667.42,2449.32,2023-01-14,1,4.34,Small
422,Industry Item,Home,Beauty,BrandC,2683.0,3550.15,2025-12-07,0,3.95,Large
423,Reality Set,Beauty,Apparel,BrandA,4134.48,671.55,2025-08-24,0,2.63,Medium
424,No Set,Books,Apparel,BrandB,4326.35,2017.42,2024-12-21,0,4.83,Medium
425,Building Set,Electronics,Books,BrandB,4160.69,3323.82,2025-07-05,1,0.58,Medium
426,Season Pro,Beauty,Home,BrandC,3041.78,128.38,2023-01-03,1,2.91,Small
427,Then Item,Beauty,Home,BrandB,3385.77,1800.91,2025-04-18,0,1.64,Medium
428,Specific Pro,Home,Apparel,BrandC,4854.99,3618.32,2025-12-09,0,0.26,Large
429,Establish Item,Apparel,Beauty,BrandB,1628.51,3768.67,2024-09-28,1,2.53,Small
430,Within Set,Home,Electronics,BrandE,2555.47,3523.31,2023-06-08,0,1.94,Medium
431,Candidate Set,Electronics,Apparel,BrandA,3178.4,536.95,2025-06-21,0,1.88,Small
432,Can Set,Apparel,Books,BrandC,2619.5,1796.19,2023-11-21,1,1.78,Small
433,Street Set,Beauty,Electronics,BrandB,322.64,1747.71,2025-05-22,0,0.75,Large
434,Article Set,Home,Home,BrandD,4981.47,3823.76,2023-05-24,1,1.52,Medium
435,Share Set,Beauty,Home,BrandE,1798.93,1800.0,2025-08-18,1,0.86,Medium
436,Such Pro,Books,Books,BrandE,2018.46,110.79,2025-02-16,1,2.2,Small
437,Three Item,Books,Electronics,BrandC,4984.9,2289.61,2023-04-26,0,4.7,Medium
438,Entire Pro,Electronics,Home,BrandD,1956.86,868.0,2025-05-12,0,4.13,Medium
439,Give Pro,Beauty,Home,BrandA,1308.51,745.99,2024-02-27,0,1.58,Small
440,For Set,Apparel,Electronics,BrandA,4558.75,1516.79,2025-08-05,0,1.29,Medium
441,So Pro,Books,Beauty,BrandE,601.34,65.41,2023-04-18,0,0.15,Medium
442,Table Item,Electronics,Home,BrandC,920.3,3035.06,2023-05-26,1,3.75,Small
443,Artist Pro,Apparel,Electronics,BrandB,1620.22,154.47,2024-10-06,0,3.84,Medium
444,Oil Pro,Electronics,Apparel,BrandD,2244.68,907.03,2023-06-08,1,0.78,Large
445,Woman Item,Books,Beauty,BrandC,3445.67,2915.84,2023-11-12,0,4.08,Large
446,Upon Set,Beauty,Electronics,BrandE,918.61,2355.08,2023-06-26,1,1.71,Small
447,Here Set,Books,Electronics,BrandE,3452.28,3319.03,2022-12-24,0,4.09,Small
448,Personal Set,Books,Beauty,BrandD,3280.67,572.53,2023-12-28,0,2.52,Medium
449,To Item,Apparel,Beauty,BrandB,2739.08,3593.41,2023-06-21,0,3.28,Small
450,Sing Set,Books,Apparel,BrandE,947.3,1833.67,2024-01-14,0,0.12,Medium
451,Affect Set,Books,Home,BrandB,4860.76,3696.15,2023-10-28,1,1.44,Large
452,Hold Item,Home,Home,BrandC,1371.29,499.98,2024-04-30,1,2.77,Small
453,About Item,Electronics,Electronics,BrandB,2893.61,917.79,2024-11-29,0,1.01,Medium
454,Upon Item,Books,Apparel,BrandC,4018.28,3621.77,2025-03-23,0,0.94,Large
455,Training Item,Home,Home,BrandC,4115.09,2357.21,2023-09-07,1,3.35,Small
456,Not Item,Beauty,Books,BrandC,1716.56,1473.13,2023-01-23,0,2.17,Small
457,Team Item,Books,Home,BrandC,4691.09,432.54,2023-11-27,1,0.45,Small
458,Seat Item,Books,Beauty,BrandC,1326.69,2178.83,2025-03-27,0,2.2,Small
459,Contain Set,Books,Electronics,BrandC,2822.89,1509.2,2023-08-30,1,3.05,Large
460,Recent Set,Books,Electronics,BrandB,2961.09,407.48,2025-10-09,1,3.12,Medium
461,Bill Pro,Beauty,Home,BrandA,134.98,249.66,2024-12-13,0,0.8,Medium
462,Attention Set,Apparel,Beauty,BrandA,556.42,2433.24,2024-07-03,0,1.31,Small
463,However Pro,Apparel,Beauty,BrandC,541.61,3161.7,2025-03-20,0,0.21,Small
464,Memory Item,Apparel,Apparel,BrandA,4729.23,1526.99,2025-06-16,1,3.8,Small
465,War Set,Electronics,Home,BrandD,2551.4,3596.16,2023-10-29,0,1.53,Medium
466,Election Item,Books,Electronics,BrandE,1127.91,1551.55,2024-08-20,0,1.99,Large
467,Suddenly Item,Home,Books,BrandD,4562.45,77.34,2024-01-07,0,3.41,Medium
468,Among Pro,Apparel,Apparel,BrandC,3421.95,1750.14,2024-08-31,1,3.53,Small
469,Our Item,Electronics,Apparel,BrandC,496.33,1821.02,2025-08-28,1,3.4,Medium
470,Seat Item,Electronics,Books,BrandC,2283.2,1635.28,2025-09-05,1,3.55,Small
471,Dark Pro,Beauty,Books,BrandC,3866.24,1837.51,2024-01-24,0,4.73,Medium
472,Give Item,Beauty,Books,BrandA,3662.85,970.21,2023-07-30,1,4.89,Small
473,Course Item,Electronics,Apparel,BrandC,882.02,497.85,2023-03-27,0,3.7,Large
474,Speak Item,Electronics,Home,BrandA,3572.35,1669.58,2023-10-19,1,0.67,Small
475,Contain Item,Home,Apparel,BrandB,4153.13,87.19,2023-10-08,0,2.85,Medium
476,Between Pro,Apparel,Books,BrandC,3051.34,3013.53,2024-08-24,1,2.92,Medium
477,Any Pro,Beauty,Beauty,BrandA,1137.32,3523.47,2024-07-02,1,0.92,Medium
478,Order Pro,Books,Apparel,BrandE,3429.2,2508.04,2023-11-21,0,2.02,Small
479,Budget Pro,Home,Books,BrandD,1301.46,1571.8,2024-03-15,0,1.07,Small
480,Manager Set,Apparel,Beauty,BrandE,4930.99,360.84,2023-08-19,0,4.91,Small
481,From Pro,Home,Beauty,BrandC,1127.81,3313.98,2023-05-30,1,4.26,Large
482,Six Set,Home,Home,BrandC,3496.49,3991.05,2023-08-08,1,1.24,Medium
483,All Item,Home,Electronics,BrandB,3069.78,1980.73,2025-09-23,0,4.64,Medium
484,Interest Pro,Books,Home,BrandD,2911.65,595.0,2024-08-11,0,2.52,Large
485,Born Item,Apparel,Books,BrandE,1067.34,3212.7,2023-06-26,1,0.58,Large
486,With Pro,Beauty,Apparel,BrandB,4552.89,1537.14,2024-04-10,0,4.01,Medium
487,Yeah Item,Books,Beauty,BrandE,2089.72,1095.56,2024-12-03,1,4.51,Large
488,Focus Set,Books,Home,BrandB,4708.88,2502.17,2023-02-16,0,1.52,Large
489,West Pro,Apparel,Home,BrandB,1907.45,352.15,2025-03-03,0,4.75,Large
490,Gun Item,Beauty,Electronics,BrandE,421.6,1414.24,2023-05-23,0,3.3,Medium
491,Memory Set,Apparel,Home,BrandB,798.05,2135.05,2023-08-08,0,2.87,Small
492,Away Pro,Beauty,Home,BrandA,3613.99,3107.93,2023-04-23,0,4.4,Small
493,Meeting Item,Books,Electronics,BrandE,2032.87,1757.13,2024-10-16,1,0.67,Medium
494,True Pro,Beauty,Home,BrandE,1971.82,1051.95,2024-10-31,0,1.93,Large
495,About Item,Home,Apparel,BrandC,2155.74,314.0,2025-08-22,1,1.62,Large
496,Between Item,Electronics,Home,BrandE,792.84,1660.12,2025-08-25,1,2.44,Small
497,Will Item,Books,Books,BrandC,2705.59,2812.92,2024-12-22,0,1.48,Large
498,Whole Set,Home,Home,BrandD,3917.9,1312.45,2023-04-30,0,1.37,Large
499,Third Pro,Books,Apparel,BrandD,2274.31,2505.19,2025-02-23,1,1.22,Large
500,Fast Pro,Books,Apparel,BrandD,836.66,524.99,2024-08-06,1,3.44,Large
